,Algo,Runtime,Accuracy_Score,Precision_Score,Recall_Score,F1_Score,MCC
0,Logistic Regression,4.641627550125122,0.9989993328885924,0.8253968253968254,0.5306122448979592,0.6459627329192548,0.6613449759956226
1,Naive Bayes,0.20249080657958984,0.9930128857835048,0.14622641509433962,0.6326530612244898,0.2375478927203065,0.3019617859258202
2,Random Forest,17.452383279800415,0.9995435553526912,0.9864864864864865,0.7448979591836735,0.8488372093023255,0.8570222151443138
3,SVM,427.26525115966797,0.9984551104244935,0.6041666666666666,0.29591836734693877,0.3972602739726027,0.4221655953416209
