,Algo,Runtime,Accuracy_Score,Precision_Score,Recall_Score,F1_Score,MCC
0,Logistic Regression,8.711868524551392,0.9989993328885924,0.8253968253968254,0.5306122448979592,0.6459627329192548,0.6613449759956226
1,Naive Bayes,0.4227030277252197,0.9930128857835048,0.14622641509433962,0.6326530612244898,0.2375478927203065,0.3019617859258202
2,Random Forest,37.96744704246521,0.9995084442259752,0.9375,0.7653061224489796,0.8426966292134831,0.8468073237036224
3,SVM,1044.9342439174652,0.9984551104244935,0.6041666666666666,0.29591836734693877,0.3972602739726027,0.4221655953416209
